-- phpMyAdmin SQL Dump
-- version 4.5.4.1deb2ubuntu2
-- http://www.phpmyadmin.net
--
-- Host: localhost
-- Generation Time: 2017-10-06 22:56:21
-- 服务器版本： 5.7.19-0ubuntu0.16.04.1
-- PHP Version: 7.0.23-1+ubuntu16.04.1+deb.sury.org+1

SET SQL_MODE = "NO_AUTO_VALUE_ON_ZERO";
SET time_zone = "+00:00";


/*!40101 SET @OLD_CHARACTER_SET_CLIENT=@@CHARACTER_SET_CLIENT */;
/*!40101 SET @OLD_CHARACTER_SET_RESULTS=@@CHARACTER_SET_RESULTS */;
/*!40101 SET @OLD_COLLATION_CONNECTION=@@COLLATION_CONNECTION */;
/*!40101 SET NAMES utf8mb4 */;

--
-- Database: `wblog`
--

-- --------------------------------------------------------

--
-- 表的结构 `articles`
--

CREATE TABLE `articles` (
  `id` int(10) UNSIGNED NOT NULL,
  `user_id` varchar(255) COLLATE utf8mb4_unicode_ci NOT NULL,
  `user_name` varchar(255) COLLATE utf8mb4_unicode_ci NOT NULL DEFAULT 'admin',
  `title` varchar(255) COLLATE utf8mb4_unicode_ci NOT NULL,
  `intro` varchar(255) COLLATE utf8mb4_unicode_ci NOT NULL,
  `img_path` varchar(255) COLLATE utf8mb4_unicode_ci NOT NULL DEFAULT 'null',
  `tag_1` varchar(255) COLLATE utf8mb4_unicode_ci NOT NULL DEFAULT 'null',
  `tag_2` varchar(255) COLLATE utf8mb4_unicode_ci NOT NULL DEFAULT 'null',
  `content` text COLLATE utf8mb4_unicode_ci NOT NULL,
  `created_at` timestamp NULL DEFAULT NULL,
  `updated_at` timestamp NULL DEFAULT NULL
) ENGINE=InnoDB DEFAULT CHARSET=utf8mb4 COLLATE=utf8mb4_unicode_ci;

--
-- 转存表中的数据 `articles`
--

INSERT INTO `articles` (`id`, `user_id`, `user_name`, `title`, `intro`, `img_path`, `tag_1`, `tag_2`, `content`, `created_at`, `updated_at`) VALUES
(1, '1', 'NicXia', '打死大四大苏打大苏打', '打算大苏打', '/Uploads/Articles/NicXia1503543555abiyatti.jpg', '大苏打撒旦', 'null', '打死大四', '2017-08-16 23:41:53', '2017-08-23 18:59:15'),
(2, '1', 'NicXia', '大大是', 'da\'s\'da\'s\'da\'s', '/Uploads/Articles/NicXia1503041631abiyatti.jpg', '大大是', 'null', '大苏打实打实', '2017-08-17 23:33:51', '2017-08-17 23:33:51'),
(3, '1', 'NicXia', '阿比亚蒂', '米兰', '/Uploads/Articles/NicXia1503043288abiyatti.jpg', '门神', 'null', '米兰黄金一代', '2017-08-18 00:01:28', '2017-08-18 00:01:28'),
(4, '1', 'NicXia', '印军边境举行演习', '日前，印度第33军大批部队在中印边境集结，中国与印度为了边境问题正僵持不下，印度驻锡金段第33军却提前举行“警戒”年度演习。', 'null', '印度军队', 'null', '通讯员沙蕊 综合报道 日前，印度第33军大批部队在中印边境集结，中国与印度为了边境问题正僵持不下，印度驻锡金段第33军却提前举行“警戒”年度演习。\n\n            　　据新加坡《联合早报》网站8月10日报道称，这项演习为期两个星期，旨在让部队熟悉可能的作战区域。往年演习通常是在9月底或10月初举行，但今年情势紧张，印度与美国将于9月14日至27日在美国刘易斯—麦科德联合基地举行代号为“准备战争”的联合军事演习，印度方面将派出200名士兵参加营级野外训练演习。\n\n　　印度军火采购近来进入“爆买期”。数周前，印度国防部通过了陆军副参谋长紧急采购弹药、地雷以及被认为对作战有重大作用的备用物品的请求，为加快采购进程并缩减期间的繁文缛节，印度军队还获得了一些财政特权。《印度时报》8日引述“消息人士”的话称，印度国防部官员近日表示，除了政府2017到2018财年预算案中拨给国防部的2　美印近来互动频繁。7月，印度、美国和日本三国刚刚在孟加拉湾举行了“马拉巴尔—2017”联合军事演习。美国派出了包括“尼米兹”号核动力航母在内的一整个航母打击群参加，印度出动了其最新服役的“维克拉玛蒂亚”号航母，日本则派出了其前一段在南海兴风已久的“准航母”“出云”号。\n\n　　印度军火采购近来进入“爆买期”。数周前，印度国防部通过了陆军副参谋长紧急采购弹药、地雷以及被认为对作战有重大作用的备用物品的请求，为加快采购进程并缩减期间的繁文缛节，印度军队还获得了一些财政特权。《印度时报》8日引述“消息人士”的话称，印度国防部官员近日表示，除了政府2017到2018财年预算案中拨给国防部的2.74万亿卢比之外，现在国防部还“紧急”需要2000亿卢比（约合210.5亿元人民币）的追加拨款。而美国成为印度军火的重要供货商。', '2017-08-18 19:03:37', '2017-08-18 19:03:37'),
(5, '1', 'NicXia', '印军边境举行演习', '日前，印度第33军大批部队在中印边境集结，中国与印度为了边境问题正僵持不下，印度驻锡金段第33军却提前举行“警戒”年度演习。', 'null', '印度军队', 'null', '通讯员沙蕊 综合报道 日前，印度第33军大批部队在中印边境集结，中国与印度为了边境问题正僵持不下，印度驻锡金段第33军却提前举行“警戒”年度演习。\n\n            　　据新加坡《联合早报》网站8月10日报道称，这项演习为期两个星期，旨在让部队熟悉可能的作战区域。往年演习通常是在9月底或10月初举行，但今年情势紧张，印度与美国将于9月14日至27日在美国刘易斯—麦科德联合基地举行代号为“准备战争”的联合军事演习，印度方面将派出200名士兵参加营级野外训练演习。\n\n　　印度军火采购近来进入“爆买期”。数周前，印度国防部通过了陆军副参谋长紧急采购弹药、地雷以及被认为对作战有重大作用的备用物品的请求，为加快采购进程并缩减期间的繁文缛节，印度军队还获得了一些财政特权。《印度时报》8日引述“消息人士”的话称，印度国防部官员近日表示，除了政府2017到2018财年预算案中拨给国防部的2　美印近来互动频繁。7月，印度、美国和日本三国刚刚在孟加拉湾举行了“马拉巴尔—2017”联合军事演习。美国派出了包括“尼米兹”号核动力航母在内的一整个航母打击群参加，印度出动了其最新服役的“维克拉玛蒂亚”号航母，日本则派出了其前一段在南海兴风已久的“准航母”“出云”号。\n\n　　印度军火采购近来进入“爆买期”。数周前，印度国防部通过了陆军副参谋长紧急采购弹药、地雷以及被认为对作战有重大作用的备用物品的请求，为加快采购进程并缩减期间的繁文缛节，印度军队还获得了一些财政特权。《印度时报》8日引述“消息人士”的话称，印度国防部官员近日表示，除了政府2017到2018财年预算案中拨给国防部的2.74万亿卢比之外，现在国防部还“紧急”需要2000亿卢比（约合210.5亿元人民币）的追加拨款。而美国成为印度军火的重要供货商。', '2017-08-18 19:03:51', '2017-08-18 19:03:51'),
(6, '1', 'NicXia', '印军边境举行演习', '日前，印度第33军大批部队在中印边境集结，中国与印度为了边境问题正僵持不下，印度驻锡金段第33军却提前举行“警戒”年度演习。', 'null', '印度军队', 'null', '通讯员沙蕊 综合报道 日前，印度第33军大批部队在中印边境集结，中国与印度为了边境问题正僵持不下，印度驻锡金段第33军却提前举行“警戒”年度演习。\n\n            　　据新加坡《联合早报》网站8月10日报道称，这项演习为期两个星期，旨在让部队熟悉可能的作战区域。往年演习通常是在9月底或10月初举行，但今年情势紧张，印度与美国将于9月14日至27日在美国刘易斯—麦科德联合基地举行代号为“准备战争”的联合军事演习，印度方面将派出200名士兵参加营级野外训练演习。\n\n　　印度军火采购近来进入“爆买期”。数周前，印度国防部通过了陆军副参谋长紧急采购弹药、地雷以及被认为对作战有重大作用的备用物品的请求，为加快采购进程并缩减期间的繁文缛节，印度军队还获得了一些财政特权。《印度时报》8日引述“消息人士”的话称，印度国防部官员近日表示，除了政府2017到2018财年预算案中拨给国防部的2　美印近来互动频繁。7月，印度、美国和日本三国刚刚在孟加拉湾举行了“马拉巴尔—2017”联合军事演习。美国派出了包括“尼米兹”号核动力航母在内的一整个航母打击群参加，印度出动了其最新服役的“维克拉玛蒂亚”号航母，日本则派出了其前一段在南海兴风已久的“准航母”“出云”号。\n\n　　印度军火采购近来进入“爆买期”。数周前，印度国防部通过了陆军副参谋长紧急采购弹药、地雷以及被认为对作战有重大作用的备用物品的请求，为加快采购进程并缩减期间的繁文缛节，印度军队还获得了一些财政特权。《印度时报》8日引述“消息人士”的话称，印度国防部官员近日表示，除了政府2017到2018财年预算案中拨给国防部的2.74万亿卢比之外，现在国防部还“紧急”需要2000亿卢比（约合210.5亿元人民币）的追加拨款。而美国成为印度军火的重要供货商。', '2017-08-18 19:03:54', '2017-08-18 19:03:54'),
(7, '1', 'NicXia', '印军边境举行演习', '日前，印度第33军大批部队在中印边境集结，中国与印度为了边境问题正僵持不下，印度驻锡金段第33军却提前举行“警戒”年度演习。', 'null', '印度军队', 'null', '通讯员沙蕊 综合报道 日前，印度第33军大批部队在中印边境集结，中国与印度为了边境问题正僵持不下，印度驻锡金段第33军却提前举行“警戒”年度演习。\n\n            　　据新加坡《联合早报》网站8月10日报道称，这项演习为期两个星期，旨在让部队熟悉可能的作战区域。往年演习通常是在9月底或10月初举行，但今年情势紧张，印度与美国将于9月14日至27日在美国刘易斯—麦科德联合基地举行代号为“准备战争”的联合军事演习，印度方面将派出200名士兵参加营级野外训练演习。\n\n　　印度军火采购近来进入“爆买期”。数周前，印度国防部通过了陆军副参谋长紧急采购弹药、地雷以及被认为对作战有重大作用的备用物品的请求，为加快采购进程并缩减期间的繁文缛节，印度军队还获得了一些财政特权。《印度时报》8日引述“消息人士”的话称，印度国防部官员近日表示，除了政府2017到2018财年预算案中拨给国防部的2　美印近来互动频繁。7月，印度、美国和日本三国刚刚在孟加拉湾举行了“马拉巴尔—2017”联合军事演习。美国派出了包括“尼米兹”号核动力航母在内的一整个航母打击群参加，印度出动了其最新服役的“维克拉玛蒂亚”号航母，日本则派出了其前一段在南海兴风已久的“准航母”“出云”号。\n\n　　印度军火采购近来进入“爆买期”。数周前，印度国防部通过了陆军副参谋长紧急采购弹药、地雷以及被认为对作战有重大作用的备用物品的请求，为加快采购进程并缩减期间的繁文缛节，印度军队还获得了一些财政特权。《印度时报》8日引述“消息人士”的话称，印度国防部官员近日表示，除了政府2017到2018财年预算案中拨给国防部的2.74万亿卢比之外，现在国防部还“紧急”需要2000亿卢比（约合210.5亿元人民币）的追加拨款。而美国成为印度军火的重要供货商。', '2017-08-18 19:03:55', '2017-08-18 19:03:55'),
(8, '1', 'NicXia', '印军边境举行演习', '日前，印度第33军大批部队在中印边境集结，中国与印度为了边境问题正僵持不下，印度驻锡金段第33军却提前举行“警戒”年度演习。', 'null', '印度军队', 'null', '通讯员沙蕊 综合报道 日前，印度第33军大批部队在中印边境集结，中国与印度为了边境问题正僵持不下，印度驻锡金段第33军却提前举行“警戒”年度演习。\n\n            　　据新加坡《联合早报》网站8月10日报道称，这项演习为期两个星期，旨在让部队熟悉可能的作战区域。往年演习通常是在9月底或10月初举行，但今年情势紧张，印度与美国将于9月14日至27日在美国刘易斯—麦科德联合基地举行代号为“准备战争”的联合军事演习，印度方面将派出200名士兵参加营级野外训练演习。\n\n　　印度军火采购近来进入“爆买期”。数周前，印度国防部通过了陆军副参谋长紧急采购弹药、地雷以及被认为对作战有重大作用的备用物品的请求，为加快采购进程并缩减期间的繁文缛节，印度军队还获得了一些财政特权。《印度时报》8日引述“消息人士”的话称，印度国防部官员近日表示，除了政府2017到2018财年预算案中拨给国防部的2　美印近来互动频繁。7月，印度、美国和日本三国刚刚在孟加拉湾举行了“马拉巴尔—2017”联合军事演习。美国派出了包括“尼米兹”号核动力航母在内的一整个航母打击群参加，印度出动了其最新服役的“维克拉玛蒂亚”号航母，日本则派出了其前一段在南海兴风已久的“准航母”“出云”号。\n\n　　印度军火采购近来进入“爆买期”。数周前，印度国防部通过了陆军副参谋长紧急采购弹药、地雷以及被认为对作战有重大作用的备用物品的请求，为加快采购进程并缩减期间的繁文缛节，印度军队还获得了一些财政特权。《印度时报》8日引述“消息人士”的话称，印度国防部官员近日表示，除了政府2017到2018财年预算案中拨给国防部的2.74万亿卢比之外，现在国防部还“紧急”需要2000亿卢比（约合210.5亿元人民币）的追加拨款。而美国成为印度军火的重要供货商。', '2017-08-18 19:03:57', '2017-08-18 19:03:57'),
(9, '1', 'NicXia', '印军边境举行演习', '日前，印度第33军大批部队在中印边境集结，中国与印度为了边境问题正僵持不下，印度驻锡金段第33军却提前举行“警戒”年度演习。', 'null', '印度军队', 'null', '通讯员沙蕊 综合报道 日前，印度第33军大批部队在中印边境集结，中国与印度为了边境问题正僵持不下，印度驻锡金段第33军却提前举行“警戒”年度演习。\n\n            　　据新加坡《联合早报》网站8月10日报道称，这项演习为期两个星期，旨在让部队熟悉可能的作战区域。往年演习通常是在9月底或10月初举行，但今年情势紧张，印度与美国将于9月14日至27日在美国刘易斯—麦科德联合基地举行代号为“准备战争”的联合军事演习，印度方面将派出200名士兵参加营级野外训练演习。\n\n　　印度军火采购近来进入“爆买期”。数周前，印度国防部通过了陆军副参谋长紧急采购弹药、地雷以及被认为对作战有重大作用的备用物品的请求，为加快采购进程并缩减期间的繁文缛节，印度军队还获得了一些财政特权。《印度时报》8日引述“消息人士”的话称，印度国防部官员近日表示，除了政府2017到2018财年预算案中拨给国防部的2　美印近来互动频繁。7月，印度、美国和日本三国刚刚在孟加拉湾举行了“马拉巴尔—2017”联合军事演习。美国派出了包括“尼米兹”号核动力航母在内的一整个航母打击群参加，印度出动了其最新服役的“维克拉玛蒂亚”号航母，日本则派出了其前一段在南海兴风已久的“准航母”“出云”号。\n\n　　印度军火采购近来进入“爆买期”。数周前，印度国防部通过了陆军副参谋长紧急采购弹药、地雷以及被认为对作战有重大作用的备用物品的请求，为加快采购进程并缩减期间的繁文缛节，印度军队还获得了一些财政特权。《印度时报》8日引述“消息人士”的话称，印度国防部官员近日表示，除了政府2017到2018财年预算案中拨给国防部的2.74万亿卢比之外，现在国防部还“紧急”需要2000亿卢比（约合210.5亿元人民币）的追加拨款。而美国成为印度军火的重要供货商。', '2017-08-18 19:03:58', '2017-08-18 19:03:58'),
(10, '1', 'NicXia', '印军边境举行演习', '日前，印度第33军大批部队在中印边境集结，中国与印度为了边境问题正僵持不下，印度驻锡金段第33军却提前举行“警戒”年度演习。', 'null', '印度军队', 'null', '通讯员沙蕊 综合报道 日前，印度第33军大批部队在中印边境集结，中国与印度为了边境问题正僵持不下，印度驻锡金段第33军却提前举行“警戒”年度演习。\n\n            　　据新加坡《联合早报》网站8月10日报道称，这项演习为期两个星期，旨在让部队熟悉可能的作战区域。往年演习通常是在9月底或10月初举行，但今年情势紧张，印度与美国将于9月14日至27日在美国刘易斯—麦科德联合基地举行代号为“准备战争”的联合军事演习，印度方面将派出200名士兵参加营级野外训练演习。\n\n　　印度军火采购近来进入“爆买期”。数周前，印度国防部通过了陆军副参谋长紧急采购弹药、地雷以及被认为对作战有重大作用的备用物品的请求，为加快采购进程并缩减期间的繁文缛节，印度军队还获得了一些财政特权。《印度时报》8日引述“消息人士”的话称，印度国防部官员近日表示，除了政府2017到2018财年预算案中拨给国防部的2　美印近来互动频繁。7月，印度、美国和日本三国刚刚在孟加拉湾举行了“马拉巴尔—2017”联合军事演习。美国派出了包括“尼米兹”号核动力航母在内的一整个航母打击群参加，印度出动了其最新服役的“维克拉玛蒂亚”号航母，日本则派出了其前一段在南海兴风已久的“准航母”“出云”号。\n\n　　印度军火采购近来进入“爆买期”。数周前，印度国防部通过了陆军副参谋长紧急采购弹药、地雷以及被认为对作战有重大作用的备用物品的请求，为加快采购进程并缩减期间的繁文缛节，印度军队还获得了一些财政特权。《印度时报》8日引述“消息人士”的话称，印度国防部官员近日表示，除了政府2017到2018财年预算案中拨给国防部的2.74万亿卢比之外，现在国防部还“紧急”需要2000亿卢比（约合210.5亿元人民币）的追加拨款。而美国成为印度军火的重要供货商。', '2017-08-18 19:03:59', '2017-08-18 19:03:59'),
(11, '1', 'NicXia', '印军边境举行演习', '日前，印度第33军大批部队在中印边境集结，中国与印度为了边境问题正僵持不下，印度驻锡金段第33军却提前举行“警戒”年度演习。', 'null', '印度军队', 'null', '通讯员沙蕊 综合报道 日前，印度第33军大批部队在中印边境集结，中国与印度为了边境问题正僵持不下，印度驻锡金段第33军却提前举行“警戒”年度演习。\n\n            　　据新加坡《联合早报》网站8月10日报道称，这项演习为期两个星期，旨在让部队熟悉可能的作战区域。往年演习通常是在9月底或10月初举行，但今年情势紧张，印度与美国将于9月14日至27日在美国刘易斯—麦科德联合基地举行代号为“准备战争”的联合军事演习，印度方面将派出200名士兵参加营级野外训练演习。\n\n　　印度军火采购近来进入“爆买期”。数周前，印度国防部通过了陆军副参谋长紧急采购弹药、地雷以及被认为对作战有重大作用的备用物品的请求，为加快采购进程并缩减期间的繁文缛节，印度军队还获得了一些财政特权。《印度时报》8日引述“消息人士”的话称，印度国防部官员近日表示，除了政府2017到2018财年预算案中拨给国防部的2　美印近来互动频繁。7月，印度、美国和日本三国刚刚在孟加拉湾举行了“马拉巴尔—2017”联合军事演习。美国派出了包括“尼米兹”号核动力航母在内的一整个航母打击群参加，印度出动了其最新服役的“维克拉玛蒂亚”号航母，日本则派出了其前一段在南海兴风已久的“准航母”“出云”号。\n\n　　印度军火采购近来进入“爆买期”。数周前，印度国防部通过了陆军副参谋长紧急采购弹药、地雷以及被认为对作战有重大作用的备用物品的请求，为加快采购进程并缩减期间的繁文缛节，印度军队还获得了一些财政特权。《印度时报》8日引述“消息人士”的话称，印度国防部官员近日表示，除了政府2017到2018财年预算案中拨给国防部的2.74万亿卢比之外，现在国防部还“紧急”需要2000亿卢比（约合210.5亿元人民币）的追加拨款。而美国成为印度军火的重要供货商。', '2017-08-18 19:04:00', '2017-08-18 19:04:00'),
(12, '1', 'NicXia', '印军边境举行演习', '日前，印度第33军大批部队在中印边境集结，中国与印度为了边境问题正僵持不下，印度驻锡金段第33军却提前举行“警戒”年度演习。', 'null', '印度军队', 'null', '通讯员沙蕊 综合报道 日前，印度第33军大批部队在中印边境集结，中国与印度为了边境问题正僵持不下，印度驻锡金段第33军却提前举行“警戒”年度演习。\n\n            　　据新加坡《联合早报》网站8月10日报道称，这项演习为期两个星期，旨在让部队熟悉可能的作战区域。往年演习通常是在9月底或10月初举行，但今年情势紧张，印度与美国将于9月14日至27日在美国刘易斯—麦科德联合基地举行代号为“准备战争”的联合军事演习，印度方面将派出200名士兵参加营级野外训练演习。\n\n　　印度军火采购近来进入“爆买期”。数周前，印度国防部通过了陆军副参谋长紧急采购弹药、地雷以及被认为对作战有重大作用的备用物品的请求，为加快采购进程并缩减期间的繁文缛节，印度军队还获得了一些财政特权。《印度时报》8日引述“消息人士”的话称，印度国防部官员近日表示，除了政府2017到2018财年预算案中拨给国防部的2　美印近来互动频繁。7月，印度、美国和日本三国刚刚在孟加拉湾举行了“马拉巴尔—2017”联合军事演习。美国派出了包括“尼米兹”号核动力航母在内的一整个航母打击群参加，印度出动了其最新服役的“维克拉玛蒂亚”号航母，日本则派出了其前一段在南海兴风已久的“准航母”“出云”号。\n\n　　印度军火采购近来进入“爆买期”。数周前，印度国防部通过了陆军副参谋长紧急采购弹药、地雷以及被认为对作战有重大作用的备用物品的请求，为加快采购进程并缩减期间的繁文缛节，印度军队还获得了一些财政特权。《印度时报》8日引述“消息人士”的话称，印度国防部官员近日表示，除了政府2017到2018财年预算案中拨给国防部的2.74万亿卢比之外，现在国防部还“紧急”需要2000亿卢比（约合210.5亿元人民币）的追加拨款。而美国成为印度军火的重要供货商。', '2017-08-18 19:04:03', '2017-08-18 19:04:03'),
(13, '1', 'NicXia', '印军边境举行演习', '日前，印度第33军大批部队在中印边境集结，中国与印度为了边境问题正僵持不下，印度驻锡金段第33军却提前举行“警戒”年度演习。', 'null', '印度军队', 'null', '通讯员沙蕊 综合报道 日前，印度第33军大批部队在中印边境集结，中国与印度为了边境问题正僵持不下，印度驻锡金段第33军却提前举行“警戒”年度演习。\n\n            　　据新加坡《联合早报》网站8月10日报道称，这项演习为期两个星期，旨在让部队熟悉可能的作战区域。往年演习通常是在9月底或10月初举行，但今年情势紧张，印度与美国将于9月14日至27日在美国刘易斯—麦科德联合基地举行代号为“准备战争”的联合军事演习，印度方面将派出200名士兵参加营级野外训练演习。\n\n　　印度军火采购近来进入“爆买期”。数周前，印度国防部通过了陆军副参谋长紧急采购弹药、地雷以及被认为对作战有重大作用的备用物品的请求，为加快采购进程并缩减期间的繁文缛节，印度军队还获得了一些财政特权。《印度时报》8日引述“消息人士”的话称，印度国防部官员近日表示，除了政府2017到2018财年预算案中拨给国防部的2　美印近来互动频繁。7月，印度、美国和日本三国刚刚在孟加拉湾举行了“马拉巴尔—2017”联合军事演习。美国派出了包括“尼米兹”号核动力航母在内的一整个航母打击群参加，印度出动了其最新服役的“维克拉玛蒂亚”号航母，日本则派出了其前一段在南海兴风已久的“准航母”“出云”号。\n\n　　印度军火采购近来进入“爆买期”。数周前，印度国防部通过了陆军副参谋长紧急采购弹药、地雷以及被认为对作战有重大作用的备用物品的请求，为加快采购进程并缩减期间的繁文缛节，印度军队还获得了一些财政特权。《印度时报》8日引述“消息人士”的话称，印度国防部官员近日表示，除了政府2017到2018财年预算案中拨给国防部的2.74万亿卢比之外，现在国防部还“紧急”需要2000亿卢比（约合210.5亿元人民币）的追加拨款。而美国成为印度军火的重要供货商。', '2017-08-18 19:04:04', '2017-08-18 19:04:04'),
(14, '1', 'NicXia', '印军边境举行演习', '日前，印度第33军大批部队在中印边境集结，中国与印度为了边境问题正僵持不下，印度驻锡金段第33军却提前举行“警戒”年度演习。', 'null', '印度军队', 'null', '通讯员沙蕊 综合报道 日前，印度第33军大批部队在中印边境集结，中国与印度为了边境问题正僵持不下，印度驻锡金段第33军却提前举行“警戒”年度演习。\n\n            　　据新加坡《联合早报》网站8月10日报道称，这项演习为期两个星期，旨在让部队熟悉可能的作战区域。往年演习通常是在9月底或10月初举行，但今年情势紧张，印度与美国将于9月14日至27日在美国刘易斯—麦科德联合基地举行代号为“准备战争”的联合军事演习，印度方面将派出200名士兵参加营级野外训练演习。\n\n　　印度军火采购近来进入“爆买期”。数周前，印度国防部通过了陆军副参谋长紧急采购弹药、地雷以及被认为对作战有重大作用的备用物品的请求，为加快采购进程并缩减期间的繁文缛节，印度军队还获得了一些财政特权。《印度时报》8日引述“消息人士”的话称，印度国防部官员近日表示，除了政府2017到2018财年预算案中拨给国防部的2　美印近来互动频繁。7月，印度、美国和日本三国刚刚在孟加拉湾举行了“马拉巴尔—2017”联合军事演习。美国派出了包括“尼米兹”号核动力航母在内的一整个航母打击群参加，印度出动了其最新服役的“维克拉玛蒂亚”号航母，日本则派出了其前一段在南海兴风已久的“准航母”“出云”号。\n\n　　印度军火采购近来进入“爆买期”。数周前，印度国防部通过了陆军副参谋长紧急采购弹药、地雷以及被认为对作战有重大作用的备用物品的请求，为加快采购进程并缩减期间的繁文缛节，印度军队还获得了一些财政特权。《印度时报》8日引述“消息人士”的话称，印度国防部官员近日表示，除了政府2017到2018财年预算案中拨给国防部的2.74万亿卢比之外，现在国防部还“紧急”需要2000亿卢比（约合210.5亿元人民币）的追加拨款。而美国成为印度军火的重要供货商。', '2017-08-18 19:04:05', '2017-08-18 19:04:05'),
(15, '1', 'NicXia', '印军边境举行演习', '日前，印度第33军大批部队在中印边境集结，中国与印度为了边境问题正僵持不下，印度驻锡金段第33军却提前举行“警戒”年度演习。', 'null', '印度军队', 'null', '通讯员沙蕊 综合报道 日前，印度第33军大批部队在中印边境集结，中国与印度为了边境问题正僵持不下，印度驻锡金段第33军却提前举行“警戒”年度演习。\n\n            　　据新加坡《联合早报》网站8月10日报道称，这项演习为期两个星期，旨在让部队熟悉可能的作战区域。往年演习通常是在9月底或10月初举行，但今年情势紧张，印度与美国将于9月14日至27日在美国刘易斯—麦科德联合基地举行代号为“准备战争”的联合军事演习，印度方面将派出200名士兵参加营级野外训练演习。\n\n　　印度军火采购近来进入“爆买期”。数周前，印度国防部通过了陆军副参谋长紧急采购弹药、地雷以及被认为对作战有重大作用的备用物品的请求，为加快采购进程并缩减期间的繁文缛节，印度军队还获得了一些财政特权。《印度时报》8日引述“消息人士”的话称，印度国防部官员近日表示，除了政府2017到2018财年预算案中拨给国防部的2　美印近来互动频繁。7月，印度、美国和日本三国刚刚在孟加拉湾举行了“马拉巴尔—2017”联合军事演习。美国派出了包括“尼米兹”号核动力航母在内的一整个航母打击群参加，印度出动了其最新服役的“维克拉玛蒂亚”号航母，日本则派出了其前一段在南海兴风已久的“准航母”“出云”号。\n\n　　印度军火采购近来进入“爆买期”。数周前，印度国防部通过了陆军副参谋长紧急采购弹药、地雷以及被认为对作战有重大作用的备用物品的请求，为加快采购进程并缩减期间的繁文缛节，印度军队还获得了一些财政特权。《印度时报》8日引述“消息人士”的话称，印度国防部官员近日表示，除了政府2017到2018财年预算案中拨给国防部的2.74万亿卢比之外，现在国防部还“紧急”需要2000亿卢比（约合210.5亿元人民币）的追加拨款。而美国成为印度军火的重要供货商。', '2017-08-18 19:04:06', '2017-08-18 19:04:06'),
(16, '1', 'NicXia', '印军边境举行演习', '日前，印度第33军大批部队在中印边境集结，中国与印度为了边境问题正僵持不下，印度驻锡金段第33军却提前举行“警戒”年度演习。', 'null', '印度军队', 'null', '通讯员沙蕊 综合报道 日前，印度第33军大批部队在中印边境集结，中国与印度为了边境问题正僵持不下，印度驻锡金段第33军却提前举行“警戒”年度演习。\n\n            　　据新加坡《联合早报》网站8月10日报道称，这项演习为期两个星期，旨在让部队熟悉可能的作战区域。往年演习通常是在9月底或10月初举行，但今年情势紧张，印度与美国将于9月14日至27日在美国刘易斯—麦科德联合基地举行代号为“准备战争”的联合军事演习，印度方面将派出200名士兵参加营级野外训练演习。\n\n　　印度军火采购近来进入“爆买期”。数周前，印度国防部通过了陆军副参谋长紧急采购弹药、地雷以及被认为对作战有重大作用的备用物品的请求，为加快采购进程并缩减期间的繁文缛节，印度军队还获得了一些财政特权。《印度时报》8日引述“消息人士”的话称，印度国防部官员近日表示，除了政府2017到2018财年预算案中拨给国防部的2　美印近来互动频繁。7月，印度、美国和日本三国刚刚在孟加拉湾举行了“马拉巴尔—2017”联合军事演习。美国派出了包括“尼米兹”号核动力航母在内的一整个航母打击群参加，印度出动了其最新服役的“维克拉玛蒂亚”号航母，日本则派出了其前一段在南海兴风已久的“准航母”“出云”号。\n\n　　印度军火采购近来进入“爆买期”。数周前，印度国防部通过了陆军副参谋长紧急采购弹药、地雷以及被认为对作战有重大作用的备用物品的请求，为加快采购进程并缩减期间的繁文缛节，印度军队还获得了一些财政特权。《印度时报》8日引述“消息人士”的话称，印度国防部官员近日表示，除了政府2017到2018财年预算案中拨给国防部的2.74万亿卢比之外，现在国防部还“紧急”需要2000亿卢比（约合210.5亿元人民币）的追加拨款。而美国成为印度军火的重要供货商。', '2017-08-18 19:04:07', '2017-08-18 19:04:07'),
(17, '1', 'NicXia', '印军边境举行演习', '日前，印度第33军大批部队在中印边境集结，中国与印度为了边境问题正僵持不下，印度驻锡金段第33军却提前举行“警戒”年度演习。', 'null', '印度军队', 'null', '通讯员沙蕊 综合报道 日前，印度第33军大批部队在中印边境集结，中国与印度为了边境问题正僵持不下，印度驻锡金段第33军却提前举行“警戒”年度演习。\n\n            　　据新加坡《联合早报》网站8月10日报道称，这项演习为期两个星期，旨在让部队熟悉可能的作战区域。往年演习通常是在9月底或10月初举行，但今年情势紧张，印度与美国将于9月14日至27日在美国刘易斯—麦科德联合基地举行代号为“准备战争”的联合军事演习，印度方面将派出200名士兵参加营级野外训练演习。\n\n　　印度军火采购近来进入“爆买期”。数周前，印度国防部通过了陆军副参谋长紧急采购弹药、地雷以及被认为对作战有重大作用的备用物品的请求，为加快采购进程并缩减期间的繁文缛节，印度军队还获得了一些财政特权。《印度时报》8日引述“消息人士”的话称，印度国防部官员近日表示，除了政府2017到2018财年预算案中拨给国防部的2　美印近来互动频繁。7月，印度、美国和日本三国刚刚在孟加拉湾举行了“马拉巴尔—2017”联合军事演习。美国派出了包括“尼米兹”号核动力航母在内的一整个航母打击群参加，印度出动了其最新服役的“维克拉玛蒂亚”号航母，日本则派出了其前一段在南海兴风已久的“准航母”“出云”号。\n\n　　印度军火采购近来进入“爆买期”。数周前，印度国防部通过了陆军副参谋长紧急采购弹药、地雷以及被认为对作战有重大作用的备用物品的请求，为加快采购进程并缩减期间的繁文缛节，印度军队还获得了一些财政特权。《印度时报》8日引述“消息人士”的话称，印度国防部官员近日表示，除了政府2017到2018财年预算案中拨给国防部的2.74万亿卢比之外，现在国防部还“紧急”需要2000亿卢比（约合210.5亿元人民币）的追加拨款。而美国成为印度军火的重要供货商。', '2017-08-18 19:04:08', '2017-08-18 19:04:08'),
(18, '1', 'NicXia', '111111111111', '11111111111111111111', '/Uploads/Articles/NicXia1503111957abiyatti.jpg', '111111111111111111111111', 'null', '111111111111111111111111', '2017-08-18 19:05:57', '2017-08-18 19:05:57'),
(19, '1', 'NicXia', '313123123', '123312123123', '/Uploads/Articles/NicXia1503125950abiyatti.jpg', '32123123123123', 'null', '23123123123123123', '2017-08-18 22:59:10', '2017-08-18 22:59:10'),
(20, '1', 'NicXia', 'eqweqweqweqweqw', 'adsadsdasdasdasdas', '/Uploads/Articles/NicXia15033867282(1).jpg', 'dasdasdasdasddasdsdasdasda', 'null', 'asddasdasdasadasdasdas', '2017-08-21 23:25:28', '2017-08-21 23:25:28'),
(21, '1', 'NicXia', 'asdsdasdasdasdasa', 'dasdasdasdasdasdas', '/Uploads/Articles/NicXia15033869412(1).jpg', 'dasdasdasdasdasggqqgwwrf', 'null', 'dasdasdasdasfffasfasf', '2017-08-21 23:29:01', '2017-08-21 23:29:01'),
(22, '1', 'NicXia', 'dasdasdasdasd', 'dasdasdasdasdasdas', '/Uploads/Articles/NicXia15033874262(1).jpg', 'asddsadasdsadsa', 'null', 'asdfasfasfasfs', '2017-08-21 23:37:06', '2017-08-21 23:37:06'),
(23, '1', 'NicXia', 'adasdasdasdasdasd', 'dasdasdasdasdsdas', '/Uploads/Articles/NicXia15033878152(1).jpg', 'dasdasdasdasdasdasdas', 'null', 'asddasdasdasdasdas', '2017-08-21 23:43:35', '2017-08-21 23:43:35'),
(24, '1', 'NicXia', 'asd', 'asdasd', '/Uploads/Articles/NicXia1503731201abiyatti.jpg', 'fadfasd', 'null', 'asdasdas', '2017-08-21 23:47:14', '2017-08-25 23:06:41'),
(25, '1', 'NicXia', '大大是谁', 'da\'s\'da\'s\'da\'s', '/Uploads/Articles/1503543140图片1.png', '大大是', 'null', '大苏打实打实', '2017-08-23 18:52:20', '2017-08-23 18:52:20'),
(26, '1', 'admin', '大大是谁啊', 'da\'s\'da\'s\'da\'s', '/Uploads/Articles/1503543178abiyatti.jpg', '大大是', 'null', '大苏打实打实', '2017-08-23 18:52:58', '2017-08-23 18:52:58'),
(27, '1', 'NicXia97', '哈哈哈', 'eqweqwqweqweqweqweweeqweqwe', '/Uploads/Articles/NicXia971504342602QQ截图20170203140556.png', 'eqweqwe qwe', 'null', 'qweew vfsfsdffd dfsfdsfserw gfdfsfsf', '2017-09-02 00:11:24', '2017-09-02 00:56:43'),
(28, '1', 'NicXia97', 'Hello', 'fdsfdasdas', '/Uploads/Articles/NicXia971504342833QQ截图20170203140556.png', 'fdffasfas', 'null', 'fddasfdasf', '2017-09-02 01:00:33', '2017-09-02 01:00:33'),
(29, '2', 'LyWind', 'dadsasd', 'adsdsaad', '/Uploads/Articles/LyWind1504489411abiyatti.jpg', 'fdassafsdfds', 'null', 'adsasdsas', '2017-09-03 17:43:31', '2017-09-03 17:43:31'),
(30, '1', 'NicXia', '恶趣味无群', '阿萨德大所', '/Uploads/Articles/NicXia1507172430IMG_20170928_171805.jpg', '试试', 'null', '搭搭讪大所', '2017-10-04 19:00:30', '2017-10-04 19:00:30');

-- --------------------------------------------------------

--
-- 表的结构 `article_collects`
--

CREATE TABLE `article_collects` (
  `user_id` varchar(255) COLLATE utf8mb4_unicode_ci NOT NULL,
  `article_id` varchar(255) COLLATE utf8mb4_unicode_ci NOT NULL,
  `id` int(10) UNSIGNED NOT NULL,
  `created_at` timestamp NULL DEFAULT NULL,
  `updated_at` timestamp NULL DEFAULT NULL
) ENGINE=InnoDB DEFAULT CHARSET=utf8mb4 COLLATE=utf8mb4_unicode_ci;

--
-- 转存表中的数据 `article_collects`
--

INSERT INTO `article_collects` (`user_id`, `article_id`, `id`, `created_at`, `updated_at`) VALUES
('1', '28', 15, '2017-09-08 23:56:44', '2017-09-08 23:56:44'),
('1', '27', 16, '2017-09-08 23:57:00', '2017-09-08 23:57:00'),
('1', '25', 20, '2017-10-06 05:51:58', '2017-10-06 05:51:58'),
('1', '23', 21, '2017-10-06 05:52:18', '2017-10-06 05:52:18'),
('1', '21', 22, '2017-10-06 05:52:21', '2017-10-06 05:52:21');

-- --------------------------------------------------------

--
-- 表的结构 `migrations`
--

CREATE TABLE `migrations` (
  `id` int(10) UNSIGNED NOT NULL,
  `migration` varchar(255) COLLATE utf8mb4_unicode_ci NOT NULL,
  `batch` int(11) NOT NULL
) ENGINE=InnoDB DEFAULT CHARSET=utf8mb4 COLLATE=utf8mb4_unicode_ci;

--
-- 转存表中的数据 `migrations`
--

INSERT INTO `migrations` (`id`, `migration`, `batch`) VALUES
(17, '2014_10_12_000000_create_users_table', 1),
(18, '2014_10_12_100000_create_password_resets_table', 1),
(19, '2017_08_11_073047_create_articles_table', 1),
(20, '2017_08_12_071155_insertAuthintoUser', 1),
(21, '2017_08_12_080056_insertPathintoUser', 1),
(22, '2017_08_20_031615_insertUser_introIntoUsers', 2),
(23, '2017_09_02_080437_create_path_to_deletes_table', 3),
(25, '2017_09_04_005723_create_article_collects_table', 4);

-- --------------------------------------------------------

--
-- 表的结构 `password_resets`
--

CREATE TABLE `password_resets` (
  `email` varchar(255) COLLATE utf8mb4_unicode_ci NOT NULL,
  `token` varchar(255) COLLATE utf8mb4_unicode_ci NOT NULL,
  `created_at` timestamp NULL DEFAULT NULL
) ENGINE=InnoDB DEFAULT CHARSET=utf8mb4 COLLATE=utf8mb4_unicode_ci;

-- --------------------------------------------------------

--
-- 表的结构 `path_to_deletes`
--

CREATE TABLE `path_to_deletes` (
  `id` int(10) UNSIGNED NOT NULL,
  `created_at` timestamp NULL DEFAULT NULL,
  `updated_at` timestamp NULL DEFAULT NULL,
  `path` varchar(255) COLLATE utf8mb4_unicode_ci NOT NULL
) ENGINE=InnoDB DEFAULT CHARSET=utf8mb4 COLLATE=utf8mb4_unicode_ci;

--
-- 转存表中的数据 `path_to_deletes`
--

INSERT INTO `path_to_deletes` (`id`, `created_at`, `updated_at`, `path`) VALUES
(1, '2017-09-02 00:12:47', '2017-09-02 00:12:47', '/Uploads/Articles/NicXia971504339967QQ截图20170203140556.png'),
(2, '2017-09-02 00:15:34', '2017-09-02 00:15:34', '/Uploads/Articles/NicXia971504339967QQ截图20170203140556.png'),
(3, '2017-09-02 00:17:50', '2017-09-02 00:17:50', '/Uploads/Articles/NicXia971504340134QQ截图20170203140556.png'),
(4, '2017-09-02 00:18:31', '2017-09-02 00:18:31', '/Uploads/Articles/NicXia971504340270abiyatti.jpg'),
(5, '2017-09-02 00:24:15', '2017-09-02 00:24:15', '/Uploads/avatar/NicXia971504340624QQ截图20170203140556.png'),
(6, '2017-09-02 00:26:17', '2017-09-02 00:26:17', '/Uploads/avatar/NicXia971504340655QQ截图20170203140556.png'),
(7, '2017-09-02 00:27:00', '2017-09-02 00:27:00', '/Uploads/avatar/NicXia971504340777abiyatti.jpg'),
(8, '2017-09-02 00:27:25', '2017-09-02 00:27:25', '/Uploads/avatar/NicXia971504340820QQ截图20170203140556.png'),
(9, '2017-09-02 00:34:51', '2017-09-02 00:34:51', '/Uploads/avatar/NicXia971504340845abiyatti.jpg'),
(10, '2017-09-02 00:40:10', '2017-09-02 00:40:10', '/Uploads/avatar/NicXia971504340845abiyatti.jpg'),
(11, '2017-09-02 00:40:51', '2017-09-02 00:40:51', '/Uploads/avatar/NicXia971504341610QQ截图20170203140556.png'),
(12, '2017-09-02 00:54:47', '2017-09-02 00:54:47', '/Uploads/Articles/NicXia971504340311QQ截图20170203140556.png'),
(13, '2017-09-02 00:56:42', '2017-09-02 00:56:42', '/Uploads/Articles/NicXia971504340311QQ截图20170203140556.png'),
(14, '2017-09-03 17:43:11', '2017-09-03 17:43:11', 'null'),
(15, '2017-10-06 06:00:29', '2017-10-06 06:00:29', '/Uploads/avatar/NicXia971504341651abiyatti.jpg'),
(16, '2017-10-06 06:27:40', '2017-10-06 06:27:40', '/Uploads/avatar/NicXia1507298429timg.jpeg');

-- --------------------------------------------------------

--
-- 表的结构 `users`
--

CREATE TABLE `users` (
  `id` int(10) UNSIGNED NOT NULL,
  `name` varchar(255) COLLATE utf8mb4_unicode_ci NOT NULL,
  `email` varchar(255) COLLATE utf8mb4_unicode_ci NOT NULL,
  `password` varchar(255) COLLATE utf8mb4_unicode_ci NOT NULL,
  `phoneNum` varchar(255) COLLATE utf8mb4_unicode_ci NOT NULL,
  `remember_token` varchar(100) COLLATE utf8mb4_unicode_ci DEFAULT NULL,
  `created_at` timestamp NULL DEFAULT NULL,
  `updated_at` timestamp NULL DEFAULT NULL,
  `is_auth` varchar(255) COLLATE utf8mb4_unicode_ci NOT NULL DEFAULT 'false',
  `avatar_path` varchar(255) COLLATE utf8mb4_unicode_ci NOT NULL DEFAULT 'null',
  `cover_path` varchar(255) COLLATE utf8mb4_unicode_ci NOT NULL DEFAULT 'null',
  `user_intro` varchar(255) COLLATE utf8mb4_unicode_ci NOT NULL DEFAULT 'null'
) ENGINE=InnoDB DEFAULT CHARSET=utf8mb4 COLLATE=utf8mb4_unicode_ci;

--
-- 转存表中的数据 `users`
--

INSERT INTO `users` (`id`, `name`, `email`, `password`, `phoneNum`, `remember_token`, `created_at`, `updated_at`, `is_auth`, `avatar_path`, `cover_path`, `user_intro`) VALUES
(1, 'NicXia', '364758461@qq.com', '8833283', '13388335879', NULL, '2017-08-15 00:09:27', '2017-10-06 06:27:39', 'true', '/Uploads/avatar/NicXia1507300059u=1018202884,2704601242&fm=27&gp=0.jpg', 'null', 'Connecting the dots...'),
(2, 'LyWind', 'nicxia001@gmai.com', '59488332832', '13388335879', NULL, '2017-08-15 01:09:15', '2017-09-03 17:43:11', 'false', '/Uploads/avatar/LyWind1504489391abiyatti.jpg', 'null', 'wind~'),
(3, '夏', '1213141611@qq.com', '59488332832', '13388335879', NULL, '2017-08-22 23:55:14', '2017-08-22 23:55:14', 'false', 'null', 'null', 'null'),
(4, 'Cy夏', '112312313124@qq.com', '59488332832', '13388335879', NULL, '2017-08-23 00:16:29', '2017-08-23 00:16:29', 'false', 'null', 'null', 'null');

--
-- Indexes for dumped tables
--

--
-- Indexes for table `articles`
--
ALTER TABLE `articles`
  ADD PRIMARY KEY (`id`);

--
-- Indexes for table `article_collects`
--
ALTER TABLE `article_collects`
  ADD PRIMARY KEY (`id`);

--
-- Indexes for table `migrations`
--
ALTER TABLE `migrations`
  ADD PRIMARY KEY (`id`);

--
-- Indexes for table `password_resets`
--
ALTER TABLE `password_resets`
  ADD KEY `password_resets_email_index` (`email`);

--
-- Indexes for table `path_to_deletes`
--
ALTER TABLE `path_to_deletes`
  ADD PRIMARY KEY (`id`);

--
-- Indexes for table `users`
--
ALTER TABLE `users`
  ADD PRIMARY KEY (`id`),
  ADD UNIQUE KEY `users_email_unique` (`email`);

--
-- 在导出的表使用AUTO_INCREMENT
--

--
-- 使用表AUTO_INCREMENT `articles`
--
ALTER TABLE `articles`
  MODIFY `id` int(10) UNSIGNED NOT NULL AUTO_INCREMENT, AUTO_INCREMENT=31;
--
-- 使用表AUTO_INCREMENT `article_collects`
--
ALTER TABLE `article_collects`
  MODIFY `id` int(10) UNSIGNED NOT NULL AUTO_INCREMENT, AUTO_INCREMENT=23;
--
-- 使用表AUTO_INCREMENT `migrations`
--
ALTER TABLE `migrations`
  MODIFY `id` int(10) UNSIGNED NOT NULL AUTO_INCREMENT, AUTO_INCREMENT=26;
--
-- 使用表AUTO_INCREMENT `path_to_deletes`
--
ALTER TABLE `path_to_deletes`
  MODIFY `id` int(10) UNSIGNED NOT NULL AUTO_INCREMENT, AUTO_INCREMENT=17;
--
-- 使用表AUTO_INCREMENT `users`
--
ALTER TABLE `users`
  MODIFY `id` int(10) UNSIGNED NOT NULL AUTO_INCREMENT, AUTO_INCREMENT=5;
/*!40101 SET CHARACTER_SET_CLIENT=@OLD_CHARACTER_SET_CLIENT */;
/*!40101 SET CHARACTER_SET_RESULTS=@OLD_CHARACTER_SET_RESULTS */;
/*!40101 SET COLLATION_CONNECTION=@OLD_COLLATION_CONNECTION */;
